mean_fit_time,std_fit_time,mean_score_time,std_score_time,param_model__n_estimators,param_model__max_depth,param_model__learning_rate,params,split0_test_score,split1_test_score,split2_test_score,split3_test_score,split4_test_score,mean_test_score,std_test_score,rank_test_score,split0_train_score,split1_train_score,split2_train_score,split3_train_score,split4_train_score,mean_train_score,std_train_score
0.21937689781188965,0.052297678144568545,0.026830577850341798,0.009291799162426595,100,4,0.1,"{'model__n_estimators': 100, 'model__max_depth': 4, 'model__learning_rate': 0.1}",0.5735294117647058,0.5220588235294118,0.5628517823639775,0.5867158671586716,0.5736738703339882,0.563765951030151,0.022183376070678714,1,0.6230121608980356,0.6425297891842346,0.6242338519566243,0.6245283018867924,0.6187118006582041,0.6266031809167781,0.008230978080106085
0.6437082767486573,0.1512279138288581,0.05297865867614746,0.02025985605802894,300,4,0.2,"{'model__n_estimators': 300, 'model__max_depth': 4, 'model__learning_rate': 0.2}",0.5289855072463768,0.5018587360594795,0.5518518518518518,0.5513513513513514,0.5574387947269304,0.538297248247198,0.020664023709286626,11,0.7940913160250671,0.8116071428571429,0.7865367581930912,0.7769585253456222,0.78809738503156,0.7914582254904967,0.011477538325375455
0.7121615886688233,0.060693087266546715,0.04679570198059082,0.008534837948452592,500,3,0.1,"{'model__n_estimators': 500, 'model__max_depth': 3, 'model__learning_rate': 0.1}",0.5444444444444444,0.5009276437847866,0.5760869565217391,0.5461393596986818,0.5658153241650294,0.5466827457229362,0.025805029683758956,8,0.6963032288254563,0.6938215102974828,0.7017543859649122,0.6882022471910112,0.6846011131725418,0.6929364970902808,0.006029345608335034
0.5716851234436036,0.1487175483309797,0.03419499397277832,0.01195237595891962,300,6,0.2,"{'model__n_estimators': 300, 'model__max_depth': 6, 'model__learning_rate': 0.2}",0.525,0.5134649910233393,0.5357798165137615,0.5366726296958855,0.5239852398523985,0.526980535417077,0.0085665430092302,13,0.9199828840393667,0.926208651399491,0.9111016588685665,0.9169152109075416,0.9198456922417488,0.9188108194913429,0.004903001188378985
0.1122157096862793,0.009472304368912892,0.01629505157470703,0.0015499765449130069,100,3,0.1,"{'model__n_estimators': 100, 'model__max_depth': 3, 'model__learning_rate': 0.1}",0.5607476635514018,0.5239852398523985,0.5762081784386617,0.5454545454545454,0.5916030534351145,0.5595997361464244,0.023536563794101507,2,0.6052631578947368,0.6240220892774966,0.6134453781512605,0.5872630043753039,0.5960820895522388,0.6052151438502074,0.012861821417200355
0.2484828472137451,0.016032171968788738,0.019904947280883788,0.0003871066899612037,300,3,0.2,"{'model__n_estimators': 300, 'model__max_depth': 3, 'model__learning_rate': 0.2}",0.5233644859813084,0.5056179775280899,0.5824175824175825,0.5365853658536586,0.5626204238921002,0.5421211671345478,0.027418831657915865,10,0.7099165894346617,0.7156462585034014,0.7115124153498872,0.7138863000931966,0.6950880444856349,0.7092099215733564,0.00732834522488894
0.11086935997009277,0.0013456930026804485,0.015729808807373048,0.0007579235446545838,100,3,0.05,"{'model__n_estimators': 100, 'model__max_depth': 3, 'model__learning_rate': 0.05}",0.5196850393700787,0.5275142314990512,0.5490196078431373,0.5450980392156862,0.5703125,0.5423258835855906,0.017707254750099436,9,0.5646026328620185,0.5973904939422181,0.5711529184756392,0.558736426456071,0.5668912415784408,0.5717547426628775,0.013430091662165366
0.5001767158508301,0.011192590000516357,0.02888808250427246,0.0018497586163876538,300,6,0.05,"{'model__n_estimators': 300, 'model__max_depth': 6, 'model__learning_rate': 0.05}",0.5357798165137615,0.5138632162661737,0.5818181818181818,0.562962962962963,0.576271186440678,0.5541390728003517,0.025663325890341874,5,0.7372764786795049,0.7502270663033606,0.7376325088339223,0.7259190321079572,0.7349563619660082,0.7372022895781506,0.0077742072438291366
0.38173747062683105,0.008661970744141994,0.02248525619506836,0.00030472293425009374,300,4,0.01,"{'model__n_estimators': 300, 'model__max_depth': 4, 'model__learning_rate': 0.01}",0.5227722772277228,0.5067178502879078,0.5518590998043053,0.5288270377733598,0.5539714867617108,0.5328295503710012,0.01793373891515977,12,0.5655172413793104,0.5959067110899572,0.5647058823529412,0.5599204375932372,0.5628976994615761,0.5697895943754044,0.013199237740312076
0.2462616443634033,0.005215206739472384,0.020804166793823242,0.0009590853605085089,300,3,0.1,"{'model__n_estimators': 300, 'model__max_depth': 3, 'model__learning_rate': 0.1}",0.54510556621881,0.5137614678899083,0.5714285714285714,0.5574387947269304,0.5907335907335908,0.5556935981995621,0.025879900091587603,3,0.6465028355387523,0.6639418710263397,0.6645367412140575,0.6439716312056738,0.631924882629108,0.6501755923227863,0.012496557182531549
0.9944525241851807,0.027108294721408775,0.04417104721069336,0.015196083324993143,500,6,0.01,"{'model__n_estimators': 500, 'model__max_depth': 6, 'model__learning_rate': 0.01}",0.5682656826568265,0.4981132075471698,0.5777777777777777,0.5502846299810247,0.5691699604743083,0.5527222516874215,0.028733236712207937,6,0.6509211147850732,0.6645250114731528,0.6458527493010252,0.6387686387686388,0.6332856461611827,0.6466706320978145,0.010762097800342136
0.15059118270874022,0.0025907758969167215,0.017997264862060547,0.0015800405878153307,100,4,0.01,"{'model__n_estimators': 100, 'model__max_depth': 4, 'model__learning_rate': 0.01}",0.35443037974683544,0.425531914893617,0.4372093023255814,0.40875912408759124,0.39185750636132316,0.4035576454829896,0.02895769120020993,15,0.4173806609547124,0.42021924482338613,0.4350918790752816,0.42839805825242716,0.37626262626262624,0.4154704938736867,0.0205697687612768
0.31353230476379396,0.06051380790486859,0.02226095199584961,0.00814075242450493,100,6,0.01,"{'model__n_estimators': 100, 'model__max_depth': 6, 'model__learning_rate': 0.01}",0.3594936708860759,0.4215456674473068,0.42857142857142855,0.41445783132530123,0.4120603015075377,0.40722577994753006,0.024554939602779133,14,0.44376899696048633,0.45095693779904306,0.4416365824308063,0.4515352197471403,0.4165126309303758,0.4408820735735704,0.01278879007220523
0.25502800941467285,0.029391826590570644,0.032857847213745114,0.0009351798302778751,100,4,0.2,"{'model__n_estimators': 100, 'model__max_depth': 4, 'model__learning_rate': 0.2}",0.5430711610486891,0.5163636363636364,0.5295238095238095,0.5518518518518518,0.5927342256214149,0.5467089368818804,0.025977590561151294,7,0.6775548296780215,0.6886281588447654,0.6722068328716528,0.673230192217534,0.677449168207024,0.6778138363637997,0.005824052195348289
0.49395146369934084,0.10387121809783367,0.03161478042602539,0.010102066437494464,100,8,0.1,"{'model__n_estimators': 100, 'model__max_depth': 8, 'model__learning_rate': 0.1}",0.5355191256830601,0.5157699443413729,0.5996343692870201,0.5471349353049908,0.5784499054820416,0.555301656019697,0.03007334693971967,4,0.7803571428571429,0.7891699955614736,0.7883340698188246,0.7903592542064575,0.7848101265822784,0.7866061178052354,0.0036309941484724186
